sha256,filepath,size_bytes
a239ee9296904ba407d52429b2e1cbe0f09a5695b2d14c4798d80b85f9bf2db8,"All_Case_Parties_EML/20250207-Welcome to Areal Property – Your New Property Mana-111.eml",294619
61724e6bff0ea8fa0f337cca091edd68ff1d292f009dfd7325a6018580aa640f,"All_Case_Parties_EML/20250225-Receipt of payment for 1803_243 Franklin St, Melbo-110.eml",139065
e6e2c60a1ee34b7bb2f104a6308ddc73843332680d8e0e0c4e350f65b4296c1c,"All_Case_Parties_EML/20250325-Areal monthly after-hours trades list update-109.eml",46954
b9bc643f5eecbef5fbfda313d6c507a8ca17b8e99187de74a207e08197efa928,"All_Case_Parties_EML/20250325-Receipt of payment for 1803_243 Franklin St, Melbo-108.eml",144036
60aa43b0f2f9abea3619cc0eccd910872ce58139579342f6d902305e085c55f9,"All_Case_Parties_EML/20250401-Areal monthly after-hours trades list update-107.eml",46553
e3692b3414335c46b40247fc0c05a56f00c1f88f71bcfac51494c95e8918b729,"All_Case_Parties_EML/20250402-Non-Urgent Maintenance Request (1803_243 Franklin -104.eml",18016999
595a50d666abab6b8b138d5aeb03cfc453c3e545960cb9d1262ca58b5d4ca3cb,"All_Case_Parties_EML/20250408-Fwd_ Non-Urgent Maintenance Request (1803_243 Fran-105.eml",18022017
ee17471ac0510c1badea351a7dbff2a936856b928ea863fd2396fc6b02ecad6b,"All_Case_Parties_EML/20250409-Re_Non-Urgent Maintenance Request (1803_243 Frankl-106.eml",272196
e53601c623b6e8f0ef3870482f8e33b4a116432f1da48d3783619224c353d8b1,"All_Case_Parties_EML/20250416-Re_Urgent_ Water Damage on Bedroom Wall (Unit 1803-101.eml",263759
3a09e44273e5485334f60fe52f7b100359c4a1374bf5e32b40cf452462fe2806,"All_Case_Parties_EML/20250416-Re_Urgent_ Water Damage on Bedroom Wall (Unit 1803-102.eml",247172
e9178e700ccf33036a7a55914924451f796e42028597abf6df1c5d265c1771fc,"All_Case_Parties_EML/20250416-Urgent_ Water Damage on Bedroom Wall (Unit 1803)-100.eml",9182022
ec5acbe9d65da12901cbb2a91e3b058db84c411dc731d9916c8e3449a15b6515,"All_Case_Parties_EML/20250420-Automatic reply_ Urgent_ Water Damage on Bedroom W-99.eml",14615
37780909b91773321750ab964e1f4d659ae6fd0979aaa6826841f29d62092014,"All_Case_Parties_EML/20250420-Re_Urgent_ Water Damage on Bedroom Wall (Unit 1803-103.eml",5396070
48afc56d1574bd439f90c407bbcdf2e27df8214e3c60561ef5badcbfb13a0ffc,"All_Case_Parties_EML/20250423-Receipt of payment for 1803_243 Franklin St, Melbo-98.eml",143839
3e250afbc30890cd3f8bbcfe3d56e3ff879b7c42718a5667937f7ec14dd4992f,"All_Case_Parties_EML/20250423-Second Follow-up_ Urgent Water Damage Escalation –-97.eml",5665882
49385c496e410458e9a8a6eb27a0a468d5a48de62b69d70f3b099b2ea84d70d0,"All_Case_Parties_EML/20250424-Re_FW_ Second Follow-up_ Urgent Water Damage Escal-95.eml",71499
ccbfde903795ecfc4b262bb7ee4564e83fc6893cebc8c99ccdcd470bbb2e74dc,"All_Case_Parties_EML/20250424-Routine inspection scheduled for 1803_243 Franklin-96.eml",34020
528b4abcaf20f448d9bac6c8773b4acfe859efe3d2f659b5102c37dbccb22a70,"All_Case_Parties_EML/20250428-Update on Leak Inspection-1803_243 Franklin-94.eml",599629
66b7201adc605eb8b59e89c3b5ac072dfcfe135a816c2623b4f1ff26046b6ba4,"All_Case_Parties_EML/20250428-Update on Leak Issue at 1803_ 243 Franklin-93.eml",51494
7113b5943c2cb944e61d9a780b68d2bb302d976699f02ff454c4ee7c10819753,"All_Case_Parties_EML/20250430-Routine inspection for 1803_243 Franklin St, Melbo-92.eml",34027
91df60e4ca310b57fcece9106fd19f60a672ea320cbbbbd762cc823b8abefee2,"All_Case_Parties_EML/20250501-Areal monthly after-hours trades list update-91.eml",46601
98880d46283b6567da4d02af63234e49c306e82ab70e8728d23277683326d0a8,"All_Case_Parties_EML/20250502-Leaking Repaired Confirmation  - 1803_243 Franklin-90.eml",51356
e7c2f5985c228e2b733c969a8dfbe78fef6de8f79640c87733e2f5de1edda2a5,"All_Case_Parties_EML/20250509-Follow-up on Wall and Carpet Damage – 1803_243 Fra-87.eml",2897
ca4e02113b6b181a943f4e59a476a6c5ce94c544f53898db8532b0957268bb18,"All_Case_Parties_EML/20250509-Re_Follow-up on Wall and Carpet Damage – 1803_243 -88.eml",327227
585f1533cf7ce3eefeb9ee5f11cc9ac207e9c5bdc8bf24284cfbb387934e5086,"All_Case_Parties_EML/20250510-Re_Follow-up on Wall and Carpet Damage – 1803_243 -89.eml",3072783
c57f405667e7d701c47eabc21514e96bd20da788fd690ff5159c526c2dfb68e3,"All_Case_Parties_EML/20250512-Re_FW_ Follow-up on Wall and Carpet Damage – 1803_-78.eml",83607
d40feae8ee67010d11b2c75d726943cb58d5ab3cc14f9b0dbf9412831e7d3270,"All_Case_Parties_EML/20250513-Re_PS628109B - R&M - Water Leak Lot 1803A - 243, 2-86.eml",196464
35adc8fe0c3f4061c191cd52f1b985b1b54804b94b6fec4f38980c7be5d9e04d,"All_Case_Parties_EML/20250526-Receipt of payment for 1803_243 Franklin Street, M-85.eml",130232
49a337536448e7de411694709b91d16ce200a24e9df466b07984d697ed4c87fe,"All_Case_Parties_EML/20250529-Leak Rectification Works – Access Required-84.eml",51523
40ca04d6bcb6739dbe2fde69d7213f835c9754e34ae29cf7f65f56f0366f327e,"All_Case_Parties_EML/20250602-Areal monthly after-hours trades list update-83.eml",46252
7a4d878d4e0007b37ffb6af96e0a598fa44dbd717b172189cedbfebe8748aeb3,"All_Case_Parties_EML/20250602-Re_FW_ Follow-up on Wall and Carpet Damage – 1803_-79.eml",137328
2e38e8328f8a139103d3d2022f92ddedc0043c4c6ef8b503c9183fa030c56408,"All_Case_Parties_EML/20250603-Re_FW_ Follow-up on Wall and Carpet Damage – 1803_-80.eml",199424
9ff5d1b4609103a56628ae770065b4f0d72fa537f32562ff460240197c2a78d7,"All_Case_Parties_EML/20250603-Re_FW_ Follow-up on Wall and Carpet Damage – 1803_-81.eml",153915
40f36aea8aa92dade06dfdd58e98a3f955b25d59c6133f77e6ca8e43e2d9039a,"All_Case_Parties_EML/20250605-Re_FW_ Follow-up on Wall and Carpet Damage – 1803_-82.eml",198734
b48243dc92181a32ccf49939df0387bcbf5b4927b85ebf53f3cafe1ca381e97b,"All_Case_Parties_EML/20250606-Follow-up – Formal Demand & Statement Regarding Un-63.eml",12700
64589abe7ad03ee97d9587fdb9e9cac1dabc38cf27d5b65e4c89d756c9e305da,"All_Case_Parties_EML/20250606-Re_Follow-up – Formal Demand & Statement Regarding-64.eml",59200
3edca58a230c56bac346d7245d9f4710cac7e224929d761f9320678f8fb5805d,"All_Case_Parties_EML/20250606-Re_Follow-up – Formal Demand & Statement Regarding-65.eml",55456
d88aca80e3ec6bd9897b1f7c9f449072227149ce2c8b88ab1493772ad55de630,"All_Case_Parties_EML/20250606-You have reached us outside of business hours-77.eml",33063
98f0af84524623ebc5b05a05f7ec00e3c8889d6c11850c4681edf575fc4d1b2e,"All_Case_Parties_EML/20250610-Re_Follow-up – Formal Demand & Statement Regarding-66.eml",104087
6fcedfa518e445dc3bd9d4cbeb74e409acde6c7f28e38b94ed5e70a65416e7dd,"All_Case_Parties_EML/20250610-Re_Follow-up – Formal Demand & Statement Regarding-67.eml",160307
9490e563959b9235372bb84be21b60661ae1f6d2691cb0bc390a1e3b60a30a89,"All_Case_Parties_EML/20250611-Re_Rent Adjustment – Request for Clarification and-76.eml",138893
28e200c58e3766cbc7ecfe4cca7b043837a2cb6c622a43794daa2c54d14a4d82,"All_Case_Parties_EML/20250611-You have reached us outside of business hours-75.eml",33064
01d4ed1bf7bdc449909428a55e89750aef6c92f8989df32dc4f44fdefa55c2a4,"All_Case_Parties_EML/20250612-Re_Follow-up – Formal Demand & Statement Regarding-68.eml",185055
d68d97bb71cc9d8947bed07f4fadeac6412470b87b476929592446ae1b74ea12,"All_Case_Parties_EML/20250613-Re_Follow-up – Formal Demand & Statement Regarding-69.eml",247926
6375f92eb9e1d44ba249b49ed5f553b1653fec34fa8f05148ad5f43deca1b8d2,"All_Case_Parties_EML/20250613-Re_Follow-up – Formal Demand & Statement Regarding-70.eml",267819
d8316ca4cb9178bd3f70f195a11b5bb8bdbf0f2839c07c519a76dac5c83f429e,"All_Case_Parties_EML/20250613-You have reached us outside of business hours-74.eml",33063
59c0322faf8c67dc4c81a5f56f2f3165a92c1ab4f53f3dd7eb064aa27e27be69,"All_Case_Parties_EML/20250616-Re_Follow-up – Formal Demand & Statement Regarding-71.eml",136550
1d5edd4e525ca14ae6d8e4e4228a69fb610875e0d069a886e8043345e78932cd,"All_Case_Parties_EML/20250616-Re_Follow-up – Formal Demand & Statement Regarding-72.eml",181100
dbc5abaafdac16d0b1e2089c28fdbdf27e9e5bb68def9b1f311c03d5d15e8f9e,"All_Case_Parties_EML/20250616-You have reached us outside of business hours-73.eml",33171
02129c8ebce60e38db4d7c5aa882336fc96517762dfb5c9e6a9dfcedd9d65a05,"All_Case_Parties_EML/20250618-Remediation Works – Start Date Confirmed-62.eml",51539
7752ecd63d40381fe7f50bde9c715d6cac4cc16e2ed47f3c693fd3d84dca58f5,"All_Case_Parties_EML/20250623-Re_Follow-up – Formal Demand & Statement Regarding-52.eml",203711
17c210f387db93a0028de051aa3f1d66f6d9d15cf56857852922c5cfa1199d14,"All_Case_Parties_EML/20250623-Re_Follow-up – Formal Demand & Statement Regarding-53.eml",130318
137780f5c20db5252238036200e5465ad33e0930afd8737176e75adc3d29cf6e,"All_Case_Parties_EML/20250623-Re_Follow-up – Formal Demand & Statement Regarding-54.eml",237705
c995c6872b0e481ce3cf0a5dfa217f28c038207432026aaecd5950b03e94de57,"All_Case_Parties_EML/20250624-RDRV - Case RT252398 - 33 Camberwell Rd, Hawthorn -57.eml",56302
44f69b81bf895ff8c22354713981314872c68ba3bacd5daffd575501781d7339,"All_Case_Parties_EML/20250624-Re_Follow-up – Formal Demand & Statement Regarding-55.eml",194355
0417a86a70af24c82e1c9f9301ccb830ce54d842e5c4990171635959b635822d,"All_Case_Parties_EML/20250624-Re_Follow-up – Formal Demand & Statement Regarding-56.eml",241696
caa99f8088a5c2f5891755fba5179ea9f79e3189dd7911f4a6779f5759ae32d3,"All_Case_Parties_EML/20250624-Re_RDRV - Case RT252398 - 33 Camberwell Rd, Hawtho-58.eml",46930
b9d2fea96c108033e54b4d45a958b70b4643c4f29306e566c2c2bfa56e354883,"All_Case_Parties_EML/20250624-Receipt of payment for 1803_243 Franklin Street, M-59.eml",130421
2bc467210e50f3f1fb946c637626c3b3de600483681194cf4a33a0f87f9ab3ec,"All_Case_Parties_EML/20250624-Residential Tenancies Dispute Submission for RT252-60.eml",197016
e927de2a335d89a48c1f4e4fb1be1673224a3a3420e9ef2d0c18a1ae6875e3cc,"All_Case_Parties_EML/20250624-VCAT RDRV account email verification code-61.eml",16847
ba1f7c76f21cf98b532100c29778023a82c6da2967b23afc37d4519c1e3d6633,"All_Case_Parties_EML/20250624-You have reached us outside of business hours-51.eml",33050
9502315bdd8af1a7354ed1a0407a4b0ea062c4c1add85963cf3baa52ca7a3ab4,"All_Case_Parties_EML/20250625-RDRV - Case RT252398 - 33 Camberwell Rd, Hawthorn -25.eml",60884
0f2520b6ec4f81ceab33c2ab216a9179cdef915b055e55e77c47af96dc0163b9,"All_Case_Parties_EML/20250625-Re_RDRV - Case RT252398 - 33 Camberwell Rd, Hawtho-26.eml",372708
98d68344f7b3f413ae9ac002a95e9c586235f22ff8d6e180b90d2df86ec0bed8,"All_Case_Parties_EML/20250625-Re_RDRV - Case RT252398 - 33 Camberwell Rd, Hawtho-27.eml",411621
401dcce11ca8daaf9967feaa8396ea03519ca1efb3aebd65a4cac62f2576aa1d,"All_Case_Parties_EML/20250626-Re_RDRV - Case RT252398 - 33 Camberwell Rd, Hawtho-28.eml",388092
d5c1882e37ca301b850c46ede9c39f7c26dfb202239d4c096c86850d617aa26f,"All_Case_Parties_EML/20250626-Re_RDRV - Case RT252398 - 33 Camberwell Rd, Hawtho-29.eml",375663
9dacfa3a4021e3ff98a94a6fa3a8a2a454ec7a757ef67b20ba7d1c4f1ae5eb78,"All_Case_Parties_EML/20250626-Re_RDRV - Case RT252398 - 33 Camberwell Rd, Hawtho-30.eml",730869
bc12b92324764fbacb3b0f17c7e5e6c3e035f028d262d96ed9ecff945553c53d,"All_Case_Parties_EML/20250627-RDRV Order - RT252398 CMS_0014256123-48.eml",221880
03bf85c806be73518a0bddce2159826b8ecc97f64a0bcdea95d3592bf62f36a8,"All_Case_Parties_EML/20250627-Re_RDRV - Case RT252398 - 33 Camberwell Rd, Hawtho-31.eml",808168
8b5eba0ed14d8661c13f06962fb4d9e0c43c9ba030575133509d30a25aee95f9,"All_Case_Parties_EML/20250627-Re_RDRV - Case RT252398 - 33 Camberwell Rd, Hawtho-32.eml",1119441
9a88adfe69ba3a6779c2f2e0fb131f3854329ecadcbff5c46831ac4a364287ef,"All_Case_Parties_EML/20250627-Re_RDRV - Case RT252398 - 33 Camberwell Rd, Hawtho-50.eml",472713
58810b648ad5f22ac988fbbdeec14e6def2d2f71f7e0e9f016419dd0e2c1929c,"All_Case_Parties_EML/20250627-Update to RT252398 CMS_0014256122-49.eml",38615
a303506d30389db40cafaa1a857dfcf343b59fea099b1f0e7bb67d53caa1753e,"All_Case_Parties_EML/20250627-VCAT RDRV account email verification code-47.eml",16747
b5cc300ca31ee0173b762bf9cb3e6148b57c717dd1fb68c9a23c6b156558509d,"All_Case_Parties_EML/20250701-Areal monthly after-hours trades list update-45.eml",46280
4521ee936c92024c44f54fda64c3f603852d5d348330f36b84664486f34d3fef,"All_Case_Parties_EML/20250701-Areal monthly after-hours trades list update-46.eml",46294
b43292bee0f509753a2692e4964b9d467a88564b2b6857ece6cf048d6d00eff4,"All_Case_Parties_EML/20250701-Re_RDRV - Case RT252398 - 33 Camberwell Rd, Hawtho-33.eml",1717862
7afc39e851eaa3137b373614d8f68efa970c8e124ae5272ddbd92777dc05fda4,"All_Case_Parties_EML/20250701-Re_RDRV - Case RT252398 - 33 Camberwell Rd, Hawtho-34.eml",783562
982a5a84081f67d6fe5707d25967cebea1d59a027d58afad829c9400242e670e,"All_Case_Parties_EML/20250701-Re_RDRV - Case RT252398 - 33 Camberwell Rd, Hawtho-35.eml",1263475
4ff1d56b0badebd2832fe8ca23ff801b281eec9f40a0e7cbd04ea3f346e4b605,"All_Case_Parties_EML/20250703-Re_RDRV - Case RT252398 - 33 Camberwell Rd, Hawtho-36.eml",20015
e09b20f75b1525b86e476ac7e216ffc04f06dde3740eb5eb6416aaa5bb6336cd,"All_Case_Parties_EML/20250703-You have reached us outside of business hours-44.eml",33060
ac8941c433d03f70e205f78150ec89163c0a5658f07e96a74f01a84000d91b36,"All_Case_Parties_EML/20250704-Re_RDRV - Case RT252398 - 33 Camberwell Rd, Hawtho-37.eml",192335
f50e071f85089f71e384c010a62ef222728352e83c004b8be4abdd85cfb91d7a,"All_Case_Parties_EML/20250704-Re_RDRV - Case RT252398 - 33 Camberwell Rd, Hawtho-38.eml",81522
0313e9d002f122601d7c967f6c9ab68fcbe42686bf3cebac58791b1544b3478f,"All_Case_Parties_EML/20250704-Re_RDRV - Case RT252398 - 33 Camberwell Rd, Hawtho-39.eml",83223
ae1537ab0fbf525b28846c910b494dd673457587364c275cdd0561e92000bbc0,"All_Case_Parties_EML/20250704-You have reached us outside of business hours-43.eml",33052
b3f0adb368bc298b3dbddff01d22b433d52e0fecfd06abe869c6e2bbf32b8a21,"All_Case_Parties_EML/20250707-Re_RDRV - Case RT252398 - 33 Camberwell Rd, Hawtho-40.eml",405803
71df284ad3cc94c9c34f7d58729cc6f24e508ae1a876df9d58fa3763950c0e00,"All_Case_Parties_EML/20250709-Re_RDRV - Case RT252398 - 33 Camberwell Rd, Hawtho-41.eml",420518
440d8f972f4652c92cac639a905254b9ddd84f689d6503da79ddf58f34a66b98,"All_Case_Parties_EML/20250711-Notice to vacate - 1803_243 Franklin Street, Melbo-24.eml",192429
a579205f4d95db6816ae3b7705ef425b99466d351f7e0dcba0d0d1c8bbc46585,"All_Case_Parties_EML/20250711-Re_RDRV - Case RT252398 - 33 Camberwell Rd, Hawtho-42.eml",915959
889809b604883dba5e89324f9f5db44c7a478dd962c2eeaf9ca5f40578a14360,"All_Case_Parties_EML/20250711-Vacating instructions - 1803_243 Franklin Street, -23.eml",114054
bec9f7995ea28ab1570c26a15daf626527497407d5972840f8d90a1751061adf,"All_Case_Parties_EML/20250714-VCAT Application R202518214_00 – Challenge to Noti-5.eml",121224
99e94407c183aea51938b1aed631adcfcca07d15552b44096a47ac02e3ba6626,"All_Case_Parties_EML/20250714-VCAT RDRV account email verification code-22.eml",16649
15af5c5d932851f7dff52d633d453706a8d6691b7010abfd98eda56a6bd1db8b,"All_Case_Parties_EML/20250714-VCAT Residential Tenancies Hub - Please confirm yo-21.eml",9184
b06b31f9e7400b7c946c52d5cef504be28d03ceae4eb6f862e4b34881d7e7242,"All_Case_Parties_EML/20250714-VCAT has opened a case R202518214_00 about  243 Fr-20.eml",50618
c0d9f555d02c79bd642e6c44104553a265d7799100b7fd6e6a6b1f2ff4b25c18,"All_Case_Parties_EML/20250714-You have reached us outside of business hours-19.eml",33163
d796a53d231803c69f8496baa704227a4127cb2b36ad000632c1d63dae6f76a8,"All_Case_Parties_EML/20250715-Automated response - VCAT Residential Tenancies-14.eml",31075
090c95e2144d7eb78adb87cc108b6e9c79a201dae00e669065424bcfb4a952bc,"All_Case_Parties_EML/20250715-Automated response - VCAT Residential Tenancies-15.eml",31072
95d2d2f3070ff86d8cb8f148b91aba0281f96eee31194dc40d60acc1656ae246,"All_Case_Parties_EML/20250715-Fwd_ VCAT Application R202518214_00 – Challenge to-7.eml",122399
c8b94826657568c4f16d7c6c1015e24f3934c4b287532f20f4fee3a851a42660,"All_Case_Parties_EML/20250715-Re_Your VCAT application_ more information needed--17.eml",166588
c3b22fdd4d8e5f99837def9af231cc81add00043bb7b17d47e8cc9ab9e082739,"All_Case_Parties_EML/20250715-VCAT RDRV account email verification code-18.eml",16734
4a9688b4bda2749b5280d60c0df47978e41fd3b4e6e0c1b028093a3a0d35c844,"All_Case_Parties_EML/20250715-Your VCAT application_ more information needed- VC-16.eml",76146
578a0d7f8773c63182b64aa3713aec9455eb9e50083efd09c360efa47240eca9,"All_Case_Parties_EML/20250717-VCAT RDRV account email verification code-13.eml",16748
1760a2dc3fb34df8de4f90a6770803dc286db8b69de5c48b97080e5890a95629,"All_Case_Parties_EML/20250721-VCAT Application – Possession of Property (Ref_ R2-12.eml",94465
8b6f65dcf26d2db65c07a7ec9a8527f9c40e7764674d5f6cf12f341a7d7af8f1,"All_Case_Parties_EML/20250721-VCAT has opened a case R202518589_00 about  1803_2-11.eml",50600
f309e0a54a693a899ccd0b524f8db1b6ad53b9571a804102522b8089071478b1,"All_Case_Parties_EML/20250722-Hearing scheduled for R202518589_00 1803_243 Frank-9.eml",72010
8604008b3207baef680e83560f666f350a890b0e000f75a81be0de731847e87d,"All_Case_Parties_EML/20250722-Re_VCAT Application R202518214_00 – Challenge to N-8.eml",82047
69354d095ae73280ebb7bb0cd632898fecd609f05217fc38e88a504352c0e3eb,"All_Case_Parties_EML/20250722-VCAT order made about R202518214_00 243 Franklin S-10.eml",40585
ef13129388b56b76bfe95fa2e5d382a93f5c2b5476e81ba6836075f1d1cbdff5,"All_Case_Parties_EML/20250723-VCAT RDRV account email verification code-1.eml",16731
ef4f1254d3b38d93fc9bfa47c31e17472193d450c95a2c53eba98051f4f0bf2b,"All_Case_Parties_EML/20250723-VCAT RDRV account email verification code-2.eml",16718
050c018f98dab87c9fddf382712e94e8512ecec2a4ebb74ba3ed3e5fafa98ba3,"All_Case_Parties_EML/20250723-VCAT RDRV account email verification code-3.eml",16748
aeb5b78a1f29981555c3694869cea1414378117ff8c1336a2f91a7705c628fb7,"All_Case_Parties_EML/20250723-VCAT order made about R202518589_00 1803_243 Frank-4.eml",40583
9c61ece88854769aec3217edd8844338a36c826afc0147df8c29cf1acf8b4981,"All_Case_Parties_EML/20250724-VCAT evidence link R202518589 about 1803_243 Frank-112.eml",104971
e18c7b6edb31539d64be68c4e27cf4c731d83a1600fd615ba6db5cbba66b93c4,"All_Case_Parties_EML/20250725-Receipt of payment for 1803_243 Franklin Street, M-113.eml",130759
28fb067e15ea203239e6e98161a3fafaa3c6fbddaf7cb80abff4107f088a71df,"All_Case_Parties_EML/20250801-Areal monthly after-hours trades list update-114.eml",46570
c804ba557c1173f3684fd5d4ac88dfe78469f8843c06347454a25bcf7287aad6,"All_Case_Parties_EML/20250808-Hearing reminder for 1803_243 Franklin Street, MEL-141.eml",51322
5f8a0ad6aabf67d201a64366d0888074ea3cf0593111f5915b2aa201f48ac36c,"All_Case_Parties_EML/20250812-R202518589_00 - Summary of Proof-144.eml",2787280
79222606a1fab96aecc3cc5056e29f39f836b78a60c313b79983a628987c7d51,"All_Case_Parties_EML/20250812-Re_R202518589_00 - Summary of Proof-145.eml",315142
cbd432fe0fff35a334b1358f54ec21a1eb54b41cd5a4007ce3061a7e61279b5e,"All_Case_Parties_EML/20250815-VCAT order made about R202518589_00 1803_243 Frank-146.eml",40587
04482da6eb69210478f058c8c9edd6f3fc0c0920e42a184d23e2924044d3f60d,"All_Case_Parties_EML/20250817- Without Prejudice — Franklin 1803_ Settlement Ter-147.eml",1015641
5fd55bd272d2d0a41025c3632ec26b6f76f1fd741e2fff4e4e6d2df97b507eaf,"All_Case_Parties_EML/20250819-Re_Without Prejudice — Franklin 1803_ Settlement T-148.eml",308824
decc6be9d5fe46b24f3a1f9f9fe43dbbb33afd500b4f15d7d80d36b4534f108e,"All_Case_Parties_EML/20250822-1803_243 Franklin Street, Melbourne VIC 3000 - Not-160.eml",2607115
cba9380834acdff08b46df98f87535199363a48fbadb90b6405164f2ca607a2c,"All_Case_Parties_EML/20250827-Receipt of payment for 1803_243 Franklin Street, M-161.eml",130583
b66d63073c84ee66d7db018c6e7d72cd50b776ca7893e9c160b60deec3739b16,"All_Case_Parties_EML/20250828-Re_1803_243 Franklin Street, Melbourne VIC 3000 - -162.eml",299825
612a675322b54e0573cd4f14b1f6bf62dbefee8aafd0ca775806514981c89928,"All_Case_Parties_EML/20250901-Areal monthly after-hours trades list update-163.eml",46561
7b37ab99a893b3a5cd46a91f40390f21eed18c08ec88505abc529376faca155d,"All_Case_Parties_EML/20250902-Re_1803_243 Franklin Street, Melbourne VIC 3000 - -164.eml",629244
ce9e416f8f6f7a378ce6c9bddb29863f0c53eaa4f3c09b76d810db0511fd98b1,"All_Case_Parties_EML/20250904-1803_243 Franklin Street - Access & Co-Operation R-169.eml",52867
03f91dde254e1a7fc3c73b2120bcb52a9c07c75ad5dddb98fa8c4a69c97ea6a4,"All_Case_Parties_EML/20250904-Re_1803_243 Franklin Street - Access & Co-Operatio-170.eml",37513
868cac68cae32a77604fe5ddbbb38f72ff1c8ad16c0878eea77e4a60c6936615,"All_Case_Parties_EML/20250904-Re_1803_243 Franklin Street - Access & Co-Operatio-171.eml",36564
9f095c2918bd5938c40c2e68bd27b70a1509a93e5b3b8736245c74cea67fa433,"All_Case_Parties_EML/20250904-You have reached us outside of business hours-167.eml",33073
8d142a424e968fac597a7e5e07586b9051e0b06e892c485e2be5284948f881b3,"All_Case_Parties_EML/20250905-Re_1803_243 Franklin Street - Access & Co-Operatio-172.eml",377762
3fe7e8ff938c8a2e602670d878acd048008a6dc3876740e85e6e342444dca0df,"All_Case_Parties_EML/20250905-Re_1803_243 Franklin Street - Access & Co-Operatio-173.eml",132209
5c3c4b56cad8f816cf67f4f1c3fe5fdd464b2b0c220be1d654c4842015c608a9,"All_Case_Parties_EML/20250905-Re_1803_243 Franklin Street - Access & Co-Operatio-174.eml",250306
eb1d97ba2299497672c88328c0ec6431ad7863fe577afaf8653e8d137bddb19c,"All_Case_Parties_EML/20250905-You have reached us outside of business hours-175.eml",33172
1c927ef33f069aac51f06f104e4647ad723e1f3562e39a763a06610c4bab9beb,"All_Case_Parties_EML/20250909-Re_1803_243 Franklin Street - Access & Co-Operatio-176.eml",2457730
b5e44be8157810af03b38dc8e257711ff5f260b42a3c89690859e5ed97427ec4,"All_Case_Parties_EML/20250916-Re_1803_243 Franklin Street - Access & Co-Operatio-177.eml",6849
763fa57c442ff2fd5eae6f78ef92eb4967e0095f3f7e5f6683da8bf9850a4598,"All_Case_Parties_EML/20250916-You have reached us outside of business hours-178.eml",33065
a7d8d1c7e026db24d6b6a66a7b98bbc7360626e18cf63f1ff18747d74764cb95,"All_Case_Parties_EML/20250930-Receipt of payment for 1803_243 Franklin Street, M-179.eml",130231
da5a4117934919740e7d9f37a8baed72733793ab2a498efeefad3e5a79fbe1e8,"All_Case_Parties_EML/20251002-Areal monthly after-hours trades list update-180.eml",46568
